content_id,campaign_code,concept_id,stage,pillar,channel,format,language,scheduled_date,timezone,asset_path,hook,cta,owner,approval_status,publish_status,published_url,primary_metric,observation_window,notes
CAM-001-C01,CAM-001-FIRST-DROP,C01,Awareness,Identity/story,Instagram PROPOSED,Vertical short video,English draft,,Africa/Lagos,05-MARKETING/campaigns/CAM-001-FIRST-DROP/concepts/C01-afterhours.md,A small movement emerges from a still city frame.,Follow the development of ROGUE.,UNASSIGNED,PROPOSAL,UNSCHEDULED,,Engaged views with defined threshold,,Concept brief only; no content produced or published
CAM-001-C02,CAM-001-FIRST-DROP,C02,Engagement,Product/craftsmanship,Instagram PROPOSED,Vertical short video,English draft,,Africa/Lagos,05-MARKETING/campaigns/CAM-001-FIRST-DROP/concepts/C02-first-mark.md,Which detail would you notice first?,"Tell us which detail catches your eye, and why.",UNASSIGNED,PROPOSAL,UNSCHEDULED,,Relevant replies,,Concept brief only; no content produced or published
CAM-001-C03,CAM-001-FIRST-DROP,C03,Product reveal,Product/craftsmanship,Instagram PROPOSED,Vertical short video,English draft,,Africa/Lagos,05-MARKETING/campaigns/CAM-001-FIRST-DROP/concepts/C03-texture-proof.md,"Before the story, look at the garment.",See the verified product details when the page is ready.,UNASSIGNED,PROPOSAL,UNSCHEDULED,,Product-page visits when measurable,,Concept brief only; no content produced or published
CAM-001-C04,CAM-001-FIRST-DROP,C04,Lifestyle / engagement,Lifestyle/street culture,Instagram PROPOSED,Vertical short video,English draft,,Africa/Lagos,05-MARKETING/campaigns/CAM-001-FIRST-DROP/concepts/C04-same-piece.md,A shared piece can carry different meanings.,How would you make it your own?,UNASSIGNED,PROPOSAL,UNSCHEDULED,,Shares per reach,,Concept brief only; no content produced or published
CAM-001-C05,CAM-001-FIRST-DROP,C05,Identity / story,Community,Instagram PROPOSED,Vertical short video,English draft,,Africa/Lagos,05-MARKETING/campaigns/CAM-001-FIRST-DROP/concepts/C05-unfinished.md,This is the first sample. Here is what we still need to learn.,What would you want to know before choosing a hoodie?,UNASSIGNED,PROPOSAL,UNSCHEDULED,,Actionable product questions,,Concept brief only; no content produced or published
CAM-001-C06,CAM-001-FIRST-DROP,C06,Conversion - gated,Launch/conversion,Instagram PROPOSED,Vertical short video,English draft,,Africa/Lagos,05-MARKETING/campaigns/CAM-001-FIRST-DROP/concepts/C06-clear-offer.md,Here is what you need to decide.,View sizes and order only when the offer and launch are approved.,UNASSIGNED,PROPOSAL,UNSCHEDULED,,Contribution from completed orders,,Concept brief only; no content produced or published
HV-001-A,CAM-001-FIRST-DROP,HV-001-A,Planning,Identity/story,Instagram+TikTok,Complete video PROPOSAL,English draft,,Africa/Lagos,04-CREATIVE-STUDIO/ai-creation/higgsfield/04-VIDEO-PRODUCTIONS/HV-001-FIRST-HOODIE/video-a-the-beginning.md,A quiet pause becomes a deliberate first step.,Follow the story of ROGUE. No launch/date/stock promise.,UNASSIGNED,PROPOSAL,UNSCHEDULED,,"Primary learning: whether viewers understand the intended brand meaning. Examine defined engaged views/retention where available, relevant shares and actual recall feedback; do not infer buying intent from atmosphere alone.",,HV-001 Organic proposal; no generation or publication authorized
HV-001-B,CAM-001-FIRST-DROP,HV-001-B,Planning,Product/craftsmanship,Instagram+TikTok,Complete video PROPOSAL,English draft,,Africa/Lagos,04-CREATIVE-STUDIO/ai-creation/higgsfield/04-VIDEO-PRODUCTIONS/HV-001-FIRST-HOODIE/video-b-product-reveal.md,"Before the story, see the actual hoodie.",View the verified product details when the product page is approved. No price/availability claim until known.,UNASSIGNED,PROPOSAL,UNSCHEDULED,,"Primary learning: whether actual product questions are answered. Examine saves, specific questions and product-page visits when measurable. Any paid adaptation needs separate offer, landing-page, rights and spend approval.",,HV-001 Hybrid proposal; no generation or publication authorized
HV-001-C,CAM-001-FIRST-DROP,HV-001-C,Planning,Launch/conversion,Instagram+TikTok,Complete video PROPOSAL,English draft,,Africa/Lagos,04-CREATIVE-STUDIO/ai-creation/higgsfield/04-VIDEO-PRODUCTIONS/HV-001-FIRST-HOODIE/video-c-streetwear-story-ad.md,One decision changes the direction of the walk.,"Pending commercial inputs: View the product and choose your size. Final buying CTA/offer blocked until price, stock, delivery and storefront QA are approved.",UNASSIGNED,PROPOSAL,UNSCHEDULED,,"Primary eventual measure: completed-order contribution under an actual bounded ad test. Also inspect defined hook retention, product visits and measurable intent. CAC/ROAS require consistent attribution and full cost context; no benchmark or result is invented.",,HV-001 Paid proposal; no generation or publication authorized
